,alpha,beta,alpha=beta,LRT,p-value,TotalBranchLength,omega
34,0.0,1.730564270506532,1.14873449196189,4.273534928863938,0.03871032130029617,0,inf
134,0.6066482756857696,2.361833528073595,1.886885988761837,3.956678734329614,0.04668573026503275,0,3.8932502122481467
187,0.0,1.286252019812317,1.158959636852703,5.772268201428005,0.01628100762074736,0,inf
