,alpha,beta,alpha=beta,LRT,p-value,TotalBranchLength,omega
129,12.57071601537262,0.9454392776898609,2.92175039596224,4.368588082923182,0.03660731221402702,0,0.07520966001727279
240,4.942802781979172,0.0,0.6182390748087051,3.981123227941934,0.04601287034249912,0,0.0
280,4.918530876036102,0.0,0.54624562156714,4.221905512689457,0.03990532250559464,0,0.0
314,6.074710297396591,0.0,1.795178122642975,6.773728200936119,0.009250938709675083,0,0.0
315,12.85826771653552,0.0,3.568000414151794,9.388118857484798,0.002183961870772411,0,0.0
328,9.93539148585019,0.0,1.473069254069038,6.668499778766261,0.009813175757503623,0,0.0
330,15.44167665435446,0.0,1.731842998398348,9.33697101258096,0.002245764139060413,0,0.0
352,3.512768250317619,0.0,1.224693125473757,4.057892156858578,0.04396534640553185,0,0.0
470,3.886801022241184,0.0,1.280595806201302,4.391728208857323,0.03611368904098999,0,0.0
474,4.942802781979172,0.0,0.5462792385892683,4.223774284305872,0.03986140011396888,0,0.0
480,20.20481927710845,0.0,1.715814448469269,13.63979400694278,0.0002214417288014525,0,0.0
483,5.163211008860564,0.0,1.539138606414437,5.81029498657918,0.01593262145438412,0,0.0
484,11.7536231884058,0.0,2.516213758855456,10.01249771769352,0.001554815166454504,0,0.0
485,5.240634485339973,0.0,1.271128661310635,5.134378232618559,0.02345648741957373,0,0.0
487,9.85712908744791,0.0,1.274352689657309,7.830527082369533,0.005137111736314481,0,0.0
500,4.313650090256642,0.0,1.191365655708638,4.643262238006262,0.03117568630512801,0,0.0
507,3.685565049319071,0.0,1.151323486680836,4.213689235867484,0.04009903592698738,0,0.0
508,5.200061235512463,0.0,1.608068003544673,4.180503607345837,0.04089154809066786,0,0.0
527,3.149969871858931,0.0,1.105451323848047,3.993377404196622,0.04567941461528802,0,0.0
528,3.916201117318415,0.0,0.6969117238623435,3.989536287418529,0.04578366271059919,0,0.0
542,8.651672952539322,0.0,2.010061881285558,6.379636398317196,0.01154370783477765,0,0.0
547,8.0597318510596,0.0,1.766753339276897,5.735871752316081,0.01662181556576126,0,0.0
549,17.72340425531905,0.0,1.672955290443279,7.238150033424599,0.007137047987601286,0,0.0
553,4.332891450755747,0.0,1.5104971660421,4.1090487274938,0.04265434786495326,0,0.0
